{
  "r_short_endo": 7.0,
  "r_short_epi": 10.0,
  "r_long_endo": 17.0,
  "r_long_epi": 20.0,
  "psize_ref": 3,
  "mu_apex_endo": -3.141592653589793,
  "mu_base_endo": -1.2722641256100204,
  "mu_apex_epi": -3.141592653589793,
  "mu_base_epi": -1.318116071652818,
  "create_fibers": true,
  "fibers_angle_endo": -60,
  "fibers_angle_epi": 60,
  "fiber_space": "P_2",
  "aha": true,
  "cardiac_geometry_version": "0.1.2",
  "timestamp": "2024-08-20T09:16:39.359105"
}